STRUCTURE,STRUCTURE_ID,STRUCTURE_NAME,ACTION,REF_AREA,Reference area,FREQ,Frequency of observation,MEASURE,Measure,ACTIVITY,Economic activity,UNIT_MEASURE,Unit of measure,PRICE_BASE,Price base,TRANSFORMATION,Transformation,ASSET_CODE,Asset type,CONVERSION_TYPE,Conversion type,TIME_PERIOD,Time period,OBS_VALUE,Observation value,OBS_STATUS,Observation status,UNIT_MULT,Unit multiplier,BASE_PER,Base period,DECIMALS,Decimals
DATAFLOW,OECD.SDD.TPS:DSD_PDB@DF_PDB(2.0),Productivity database,I,OECD,OECD,A,Annual,GVAHRS,Gross value added per hour worked,_T,Total - all activities,USD_PPP_H,"US dollars per hour, PPP converted",LR,Chain linked volume (rebased),GY,"Growth rate, over 1 year",_Z,Not applicable,PPP,PPP converted,2019,,1.3755767332572555,,A,Normal value,0,Units,2020,,2,Two
DATAFLOW,OECD.SDD.TPS:DSD_PDB@DF_PDB(2.0),Productivity database,I,AUT,Austria,A,Annual,GVAHRS,Gross value added per hour worked,F,Construction,XDC_H,National currency per hour,LR,Chain linked volume (rebased),GY,"Growth rate, over 1 year",_Z,Not applicable,_Z,Not applicable,2024,,-3.9035230013710565,,A,Normal value,0,Units,2020,,2,Two
DATAFLOW,OECD.SDD.TPS:DSD_PDB@DF_PDB(2.0),Productivity database,I,ROU,Romania,A,Annual,GVAHRS,Gross value added per hour worked,_T,Total - all activities,XDC_H,National currency per hour,LR,Chain linked volume (rebased),GY,"Growth rate, over 1 year",_Z,Not applicable,_Z,Not applicable,2022,,3.824343307686595,,A,Normal value,0,Units,2020,,2,Two
DATAFLOW,OECD.SDD.TPS:DSD_PDB@DF_PDB(2.0),Productivity database,I,ROU,Romania,A,Annual,GVAHRS,Gross value added per hour worked,C,Manufacturing,XDC_H,National currency per hour,LR,Chain linked volume (rebased),GY,"Growth rate, over 1 year",_Z,Not applicable,_Z,Not applicable,2019,,-0.7641467611692265,,A,Normal value,0,Units,2020,,2,Two
DATAFLOW,OECD.SDD.TPS:DSD_PDB@DF_PDB(2.0),Productivity database,I,AUT,Austria,A,Annual,GVAHRS,Gross value added per hour worked,J,Information and communication,XDC_H,National currency per hour,LR,Chain linked volume (rebased),GY,"Growth rate, over 1 year",_Z,Not applicable,_Z,Not applicable,2023,,0.12167523833233052,,A,Normal value,0,Units,2020,,2,Two
DATAFLOW,OECD.SDD.TPS:DSD_PDB@DF_PDB(2.0),Productivity database,I,AUT,Austria,A,Annual,GVAHRS,Gross value added per hour worked,J,Information and communication,XDC_H,National currency per hour,LR,Chain linked volume (rebased),GY,"Growth rate, over 1 year",_Z,Not applicable,_Z,Not applicable,2024,,1.4474065880646814,,A,Normal value,0,Units,2020,,2,Two
DATAFLOW,OECD.SDD.TPS:DSD_PDB@DF_PDB(2.0),Productivity database,I,AUT,Austria,A,Annual,GVAHRS,Gross value added per hour worked,L,Real estate activities,XDC_H,National currency per hour,LR,Chain linked volume (rebased),GY,"Growth rate, over 1 year",_Z,Not applicable,_Z,Not applicable,2024,,1.6862429835151405,,A,Normal value,0,Units,2020,,2,Two
DATAFLOW,OECD.SDD.TPS:DSD_PDB@DF_PDB(2.0),Productivity database,I,HRV,Croatia,A,Annual,GVAHRS,Gross value added per hour worked,_T,Total - all activities,XDC_H,National currency per hour,LR,Chain linked volume (rebased),N,Non transformed data,_Z,Not applicable,_Z,Not applicable,2025,,16.118252614531105,,A,Normal value,0,Units,2020,,2,Two
DATAFLOW,OECD.SDD.TPS:DSD_PDB@DF_PDB(2.0),Productivity database,I,AUT,Austria,A,Annual,GVAHRS,Gross value added per hour worked,I,Accommodation and food service activities,XDC_H,National currency per hour,LR,Chain linked volume (rebased),GY,"Growth rate, over 1 year",_Z,Not applicable,_Z,Not applicable,2024,,-2.7704600257743794,,A,Normal value,0,Units,2020,,2,Two
DATAFLOW,OECD.SDD.TPS:DSD_PDB@DF_PDB(2.0),Productivity database,I,AUT,Austria,A,Annual,GVAHRS,Gross value added per hour worked,N,Administrative and support service activities,XDC_H,National currency per hour,LR,Chain linked volume (rebased),GY,"Growth rate, over 1 year",_Z,Not applicable,_Z,Not applicable,2024,,-0.7826534891943071,,A,Normal value,0,Units,2020,,2,Two
DATAFLOW,OECD.SDD.TPS:DSD_PDB@DF_PDB(2.0),Productivity database,I,AUT,Austria,A,Annual,GVAHRS,Gross value added per hour worked,M,"Professional, scientific and technical activities",XDC_H,National currency per hour,LR,Chain linked volume (rebased),GY,"Growth rate, over 1 year",_Z,Not applicable,_Z,Not applicable,2024,,-1.1690286012071005,,A,Normal value,0,Units,2020,,2,Two
DATAFLOW,OECD.SDD.TPS:DSD_PDB@DF_PDB(2.0),Productivity database,I,AUT,Austria,A,Annual,GVAHRS,Gross value added per hour worked,M,"Professional, scientific and technical activities",XDC_H,National currency per hour,LR,Chain linked volume (rebased),N,Non transformed data,_Z,Not applicable,_Z,Not applicable,2019,,41.80857057939528,,A,Normal value,0,Units,2020,,2,Two
DATAFLOW,OECD.SDD.TPS:DSD_PDB@DF_PDB(2.0),Productivity database,I,AUT,Austria,A,Annual,GVAHRS,Gross value added per hour worked,_T,Total - all activities,XDC_H,National currency per hour,LR,Chain linked volume (rebased),GY,"Growth rate, over 1 year",_Z,Not applicable,_Z,Not applicable,2024,,0.05332846411845171,,A,Normal value,0,Units,2020,,2,Two
DATAFLOW,OECD.SDD.TPS:DSD_PDB@DF_PDB(2.0),Productivity database,I,AUT,Austria,A,Annual,GVAHRS,Gross value added per hour worked,_T,Total - all activities,XDC_H,National currency per hour,LR,Chain linked volume (rebased),GY,"Growth rate, over 1 year",_Z,Not applicable,_Z,Not applicable,2020,,3.1920303943764106,,A,Normal value,0,Units,2020,,2,Two
DATAFLOW,OECD.SDD.TPS:DSD_PDB@DF_PDB(2.0),Productivity database,I,AUT,Austria,A,Annual,GVAHRS,Gross value added per hour worked,C,Manufacturing,XDC_H,National currency per hour,LR,Chain linked volume (rebased),GY,"Growth rate, over 1 year",_Z,Not applicable,_Z,Not applicable,2020,,-2.121796533991893,,A,Normal value,0,Units,2020,,2,Two
DATAFLOW,OECD.SDD.TPS:DSD_PDB@DF_PDB(2.0),Productivity database,I,BEL,Belgium,A,Annual,GVAHRS,Gross value added per hour worked,C,Manufacturing,XDC_H,National currency per hour,LR,Chain linked volume (rebased),GY,"Growth rate, over 1 year",_Z,Not applicable,_Z,Not applicable,2021,,-10.485768900104908,,A,Normal value,0,Units,2020,,2,Two
DATAFLOW,OECD.SDD.TPS:DSD_PDB@DF_PDB(2.0),Productivity database,I,BEL,Belgium,A,Annual,GVAHRS,Gross value added per hour worked,C,Manufacturing,XDC_H,National currency per hour,LR,Chain linked volume (rebased),GY,"Growth rate, over 1 year",_Z,Not applicable,_Z,Not applicable,2024,,0.4898254404053448,,A,Normal value,0,Units,2020,,2,Two
DATAFLOW,OECD.SDD.TPS:DSD_PDB@DF_PDB(2.0),Productivity database,I,BEL,Belgium,A,Annual,GVAHRS,Gross value added per hour worked,J,Information and communication,XDC_H,National currency per hour,LR,Chain linked volume (rebased),GY,"Growth rate, over 1 year",_Z,Not applicable,_Z,Not applicable,2024,,5.035525645001115,,A,Normal value,0,Units,2020,,2,Two
DATAFLOW,OECD.SDD.TPS:DSD_PDB@DF_PDB(2.0),Productivity database,I,BEL,Belgium,A,Annual,GVAHRS,Gross value added per hour worked,H,Transportation and storage,XDC_H,National currency per hour,LR,Chain linked volume (rebased),GY,"Growth rate, over 1 year",_Z,Not applicable,_Z,Not applicable,2021,,-0.8242075063000454,,A,Normal value,0,Units,2020,,2,Two
DATAFLOW,OECD.SDD.TPS:DSD_PDB@DF_PDB(2.0),Productivity database,I,BEL,Belgium,A,Annual,GVAHRS,Gross value added per hour worked,H,Transportation and storage,XDC_H,National currency per hour,LR,Chain linked volume (rebased),GY,"Growth rate, over 1 year",_Z,Not applicable,_Z,Not applicable,2024,,-1.663178165495216,,A,Normal value,0,Units,2020,,2,Two
DATAFLOW,OECD.SDD.TPS:DSD_PDB@DF_PDB(2.0),Productivity database,I,BEL,Belgium,A,Annual,GVAHRS,Gross value added per hour worked,M,"Professional, scientific and technical activities",XDC_H,National currency per hour,LR,Chain linked volume (rebased),N,Non transformed data,_Z,Not applicable,_Z,Not applicable,2020,,35.47941332477269,,A,Normal value,0,Units,2020,,2,Two
DATAFLOW,OECD.SDD.TPS:DSD_PDB@DF_PDB(2.0),Productivity database,I,CZE,Czechia,A,Annual,GVAHRS,Gross value added per hour worked,C,Manufacturing,XDC_H,National currency per hour,LR,Chain linked volume (rebased),GY,"Growth rate, over 1 year",_Z,Not applicable,_Z,Not applicable,2022,,6.14699862807917,,A,Normal value,0,Units,2020,,2,Two
DATAFLOW,OECD.SDD.TPS:DSD_PDB@DF_PDB(2.0),Productivity database,I,CZE,Czechia,A,Annual,GVAHRS,Gross value added per hour worked,J,Information and communication,XDC_H,National currency per hour,LR,Chain linked volume (rebased),N,Non transformed data,_Z,Not applicable,_Z,Not applicable,2019,,1139.6204029099438,,A,Normal value,0,Units,2020,,2,Two
DATAFLOW,OECD.SDD.TPS:DSD_PDB@DF_PDB(2.0),Productivity database,I,CZE,Czechia,A,Annual,GVAHRS,Gross value added per hour worked,H,Transportation and storage,XDC_H,National currency per hour,LR,Chain linked volume (rebased),GY,"Growth rate, over 1 year",_Z,Not applicable,_Z,Not applicable,2022,,10.922553353675003,,A,Normal value,0,Units,2020,,2,Two
DATAFLOW,OECD.SDD.TPS:DSD_PDB@DF_PDB(2.0),Productivity database,I,CZE,Czechia,A,Annual,GVAHRS,Gross value added per hour worked,M,"Professional, scientific and technical activities",XDC_H,National currency per hour,LR,Chain linked volume (rebased),N,Non transformed data,_Z,Not applicable,_Z,Not applicable,2021,,555.0016672224074,,A,Normal value,0,Units,2020,,2,Two
DATAFLOW,OECD.SDD.TPS:DSD_PDB@DF_PDB(2.0),Productivity database,I,CZE,Czechia,A,Annual,GVAHRS,Gross value added per hour worked,_T,Total - all activities,XDC_H,National currency per hour,LR,Chain linked volume (rebased),GY,"Growth rate, over 1 year",_Z,Not applicable,_Z,Not applicable,2021,,-0.0074151646603626276,,A,Normal value,0,Units,2020,,2,Two
DATAFLOW,OECD.SDD.TPS:DSD_PDB@DF_PDB(2.0),Productivity database,I,DNK,Denmark,A,Annual,GVAHRS,Gross value added per hour worked,C,Manufacturing,XDC_H,National currency per hour,LR,Chain linked volume (rebased),GY,"Growth rate, over 1 year",_Z,Not applicable,_Z,Not applicable,2023,,12.45820587250346,,A,Normal value,0,Units,2020,,2,Two
DATAFLOW,OECD.SDD.TPS:DSD_PDB@DF_PDB(2.0),Productivity database,I,DNK,Denmark,A,Annual,GVAHRS,Gross value added per hour worked,H,Transportation and storage,XDC_H,National currency per hour,LR,Chain linked volume (rebased),GY,"Growth rate, over 1 year",_Z,Not applicable,_Z,Not applicable,2023,,-6.742738062491482,,A,Normal value,0,Units,2020,,2,Two
DATAFLOW,OECD.SDD.TPS:DSD_PDB@DF_PDB(2.0),Productivity database,I,DNK,Denmark,A,Annual,GVAHRS,Gross value added per hour worked,M,"Professional, scientific and technical activities",XDC_H,National currency per hour,LR,Chain linked volume (rebased),N,Non transformed data,_Z,Not applicable,_Z,Not applicable,2022,,477.4171712314652,,A,Normal value,0,Units,2020,,2,Two
DATAFLOW,OECD.SDD.TPS:DSD_PDB@DF_PDB(2.0),Productivity database,I,DNK,Denmark,A,Annual,GVAHRS,Gross value added per hour worked,_T,Total - all activities,XDC_H,National currency per hour,LR,Chain linked volume (rebased),GY,"Growth rate, over 1 year",_Z,Not applicable,_Z,Not applicable,2023,,1.153567592959881,,A,Normal value,0,Units,2020,,2,Two
DATAFLOW,OECD.SDD.TPS:DSD_PDB@DF_PDB(2.0),Productivity database,I,BEL,Belgium,A,Annual,GVAHRS,Gross value added per hour worked,_T,Total - all activities,XDC_H,National currency per hour,LR,Chain linked volume (rebased),GY,"Growth rate, over 1 year",_Z,Not applicable,_Z,Not applicable,2024,,1.1859195728091576,,A,Normal value,0,Units,2020,,2,Two
DATAFLOW,OECD.SDD.TPS:DSD_PDB@DF_PDB(2.0),Productivity database,I,AUT,Austria,A,Annual,GVAHRS,Gross value added per hour worked,H,Transportation and storage,XDC_H,National currency per hour,LR,Chain linked volume (rebased),GY,"Growth rate, over 1 year",_Z,Not applicable,_Z,Not applicable,2024,,-5.332760413391746,,A,Normal value,0,Units,2020,,2,Two
DATAFLOW,OECD.SDD.TPS:DSD_PDB@DF_PDB(2.0),Productivity database,I,EST,Estonia,A,Annual,GVAHRS,Gross value added per hour worked,J,Information and communication,XDC_H,National currency per hour,LR,Chain linked volume (rebased),N,Non transformed data,_Z,Not applicable,_Z,Not applicable,2021,,28.817993534047282,,A,Normal value,0,Units,2020,,2,Two
DATAFLOW,OECD.SDD.TPS:DSD_PDB@DF_PDB(2.0),Productivity database,I,EST,Estonia,A,Annual,GVAHRS,Gross value added per hour worked,H,Transportation and storage,XDC_H,National currency per hour,LR,Chain linked volume (rebased),N,Non transformed data,_Z,Not applicable,_Z,Not applicable,2019,,23.28077502235189,,A,Normal value,0,Units,2020,,2,Two
DATAFLOW,OECD.SDD.TPS:DSD_PDB@DF_PDB(2.0),Productivity database,I,EST,Estonia,A,Annual,GVAHRS,Gross value added per hour worked,C,Manufacturing,XDC_H,National currency per hour,LR,Chain linked volume (rebased),N,Non transformed data,_Z,Not applicable,_Z,Not applicable,2019,,16.870852754452383,,A,Normal value,0,Units,2020,,2,Two
DATAFLOW,OECD.SDD.TPS:DSD_PDB@DF_PDB(2.0),Productivity database,I,EST,Estonia,A,Annual,GVAHRS,Gross value added per hour worked,M,"Professional, scientific and technical activities",XDC_H,National currency per hour,LR,Chain linked volume (rebased),N,Non transformed data,_Z,Not applicable,_Z,Not applicable,2023,,34.840914993877774,,A,Normal value,0,Units,2020,,2,Two
DATAFLOW,OECD.SDD.TPS:DSD_PDB@DF_PDB(2.0),Productivity database,I,EST,Estonia,A,Annual,GVAHRS,Gross value added per hour worked,_T,Total - all activities,XDC_H,National currency per hour,LR,Chain linked volume (rebased),GY,"Growth rate, over 1 year",_Z,Not applicable,_Z,Not applicable,2025,,0.8374761101126005,,A,Normal value,0,Units,2020,,2,Two
DATAFLOW,OECD.SDD.TPS:DSD_PDB@DF_PDB(2.0),Productivity database,I,DNK,Denmark,A,Annual,GVAHRS,Gross value added per hour worked,J,Information and communication,XDC_H,National currency per hour,LR,Chain linked volume (rebased),N,Non transformed data,_Z,Not applicable,_Z,Not applicable,2020,,608.200332827566,,A,Normal value,0,Units,2020,,2,Two
DATAFLOW,OECD.SDD.TPS:DSD_PDB@DF_PDB(2.0),Productivity database,I,FIN,Finland,A,Annual,GVAHRS,Gross value added per hour worked,H,Transportation and storage,XDC_H,National currency per hour,LR,Chain linked volume (rebased),N,Non transformed data,_Z,Not applicable,_Z,Not applicable,2020,,35.071620411817364,,A,Normal value,0,Units,2020,,2,Two
DATAFLOW,OECD.SDD.TPS:DSD_PDB@DF_PDB(2.0),Productivity database,I,FIN,Finland,A,Annual,GVAHRS,Gross value added per hour worked,C,Manufacturing,XDC_H,National currency per hour,LR,Chain linked volume (rebased),N,Non transformed data,_Z,Not applicable,_Z,Not applicable,2020,,66.05926496055416,,A,Normal value,0,Units,2020,,2,Two
DATAFLOW,OECD.SDD.TPS:DSD_PDB@DF_PDB(2.0),Productivity database,I,FIN,Finland,A,Annual,GVAHRS,Gross value added per hour worked,M,"Professional, scientific and technical activities",XDC_H,National currency per hour,LR,Chain linked volume (rebased),N,Non transformed data,_Z,Not applicable,_Z,Not applicable,2024,,44.780512532734754,,A,Normal value,0,Units,2020,,2,Two
DATAFLOW,OECD.SDD.TPS:DSD_PDB@DF_PDB(2.0),Productivity database,I,FIN,Finland,A,Annual,GVAHRS,Gross value added per hour worked,_T,Total - all activities,XDC_H,National currency per hour,LR,Chain linked volume (rebased),N,Non transformed data,_Z,Not applicable,_Z,Not applicable,2019,,51.41099544061343,,A,Normal value,0,Units,2020,,2,Two
DATAFLOW,OECD.SDD.TPS:DSD_PDB@DF_PDB(2.0),Productivity database,I,FRA,France,A,Annual,GVAHRS,Gross value added per hour worked,N,Administrative and support service activities,XDC_H,National currency per hour,LR,Chain linked volume (rebased),GY,"Growth rate, over 1 year",_Z,Not applicable,_Z,Not applicable,2019,,4.593324280936817,,A,Normal value,0,Units,2020,,2,Two
DATAFLOW,OECD.SDD.TPS:DSD_PDB@DF_PDB(2.0),Productivity database,I,FRA,France,A,Annual,GVAHRS,Gross value added per hour worked,C,Manufacturing,XDC_H,National currency per hour,LR,Chain linked volume (rebased),N,Non transformed data,_Z,Not applicable,_Z,Not applicable,2021,,54.837152276175345,,A,Normal value,0,Units,2020,,2,Two
DATAFLOW,OECD.SDD.TPS:DSD_PDB@DF_PDB(2.0),Productivity database,I,FRA,France,A,Annual,GVAHRS,Gross value added per hour worked,_T,Total - all activities,XDC_H,National currency per hour,LR,Chain linked volume (rebased),N,Non transformed data,_Z,Not applicable,_Z,Not applicable,2020,,51.6188834567612,,A,Normal value,0,Units,2020,,2,Two
DATAFLOW,OECD.SDD.TPS:DSD_PDB@DF_PDB(2.0),Productivity database,I,FRA,France,A,Annual,GVAHRS,Gross value added per hour worked,L,Real estate activities,XDC_H,National currency per hour,LR,Chain linked volume (rebased),GY,"Growth rate, over 1 year",_Z,Not applicable,_Z,Not applicable,2019,,-0.13102837061100825,,A,Normal value,0,Units,2020,,2,Two
DATAFLOW,OECD.SDD.TPS:DSD_PDB@DF_PDB(2.0),Productivity database,I,DEU,Germany,A,Annual,GVAHRS,Gross value added per hour worked,N,Administrative and support service activities,XDC_H,National currency per hour,LR,Chain linked volume (rebased),GY,"Growth rate, over 1 year",_Z,Not applicable,_Z,Not applicable,2020,,0.2819068294215299,,A,Normal value,0,Units,2020,,2,Two
DATAFLOW,OECD.SDD.TPS:DSD_PDB@DF_PDB(2.0),Productivity database,I,DEU,Germany,A,Annual,GVAHRS,Gross value added per hour worked,C,Manufacturing,XDC_H,National currency per hour,LR,Chain linked volume (rebased),GY,"Growth rate, over 1 year",_Z,Not applicable,_Z,Not applicable,2024,,-2.6789459257701043,,A,Normal value,0,Units,2020,,2,Two
DATAFLOW,OECD.SDD.TPS:DSD_PDB@DF_PDB(2.0),Productivity database,I,DEU,Germany,A,Annual,GVAHRS,Gross value added per hour worked,_T,Total - all activities,XDC_H,National currency per hour,LR,Chain linked volume (rebased),N,Non transformed data,_Z,Not applicable,_Z,Not applicable,2021,,53.40098522203367,,A,Normal value,0,Units,2020,,2,Two
DATAFLOW,OECD.SDD.TPS:DSD_PDB@DF_PDB(2.0),Productivity database,I,DEU,Germany,A,Annual,GVAHRS,Gross value added per hour worked,L,Real estate activities,XDC_H,National currency per hour,LR,Chain linked volume (rebased),GY,"Growth rate, over 1 year",_Z,Not applicable,_Z,Not applicable,2020,,3.1138087817405458,,A,Normal value,0,Units,2020,,2,Two
DATAFLOW,OECD.SDD.TPS:DSD_PDB@DF_PDB(2.0),Productivity database,I,GRC,Greece,A,Annual,GVAHRS,Gross value added per hour worked,J,Information and communication,XDC_H,National currency per hour,LR,Chain linked volume (rebased),N,Non transformed data,_Z,Not applicable,_Z,Not applicable,2023,,28.05379507956804,,A,Normal value,0,Units,2020,,2,Two
DATAFLOW,OECD.SDD.TPS:DSD_PDB@DF_PDB(2.0),Productivity database,I,GRC,Greece,A,Annual,GVAHRS,Gross value added per hour worked,_T,Total - all activities,XDC_H,National currency per hour,LR,Chain linked volume (rebased),N,Non transformed data,_Z,Not applicable,_Z,Not applicable,2022,,17.643108219238414,,A,Normal value,0,Units,2020,,2,Two
DATAFLOW,OECD.SDD.TPS:DSD_PDB@DF_PDB(2.0),Productivity database,I,HUN,Hungary,A,Annual,GVAHRS,Gross value added per hour worked,L,Real estate activities,XDC_H,National currency per hour,LR,Chain linked volume (rebased),GY,"Growth rate, over 1 year",_Z,Not applicable,_Z,Not applicable,2022,,3.246443954753797,,A,Normal value,0,Units,2020,,2,Two
DATAFLOW,OECD.SDD.TPS:DSD_PDB@DF_PDB(2.0),Productivity database,I,HUN,Hungary,A,Annual,GVAHRS,Gross value added per hour worked,C,Manufacturing,XDC_H,National currency per hour,LR,Chain linked volume (rebased),N,Non transformed data,_Z,Not applicable,_Z,Not applicable,2022,,6360.098653723154,,A,Normal value,0,Units,2020,,2,Two
DATAFLOW,OECD.SDD.TPS:DSD_PDB@DF_PDB(2.0),Productivity database,I,FIN,Finland,A,Annual,GVAHRS,Gross value added per hour worked,J,Information and communication,XDC_H,National currency per hour,LR,Chain linked volume (rebased),N,Non transformed data,_Z,Not applicable,_Z,Not applicable,2022,,73.60891808346213,,A,Normal value,0,Units,2020,,2,Two
DATAFLOW,OECD.SDD.TPS:DSD_PDB@DF_PDB(2.0),Productivity database,I,HUN,Hungary,A,Annual,GVAHRS,Gross value added per hour worked,_T,Total - all activities,XDC_H,National currency per hour,LR,Chain linked volume (rebased),N,Non transformed data,_Z,Not applicable,_Z,Not applicable,2023,,5793.389442920142,,A,Normal value,0,Units,2020,,2,Two
DATAFLOW,OECD.SDD.TPS:DSD_PDB@DF_PDB(2.0),Productivity database,I,IRL,Ireland,A,Annual,GVAHRS,Gross value added per hour worked,C,Manufacturing,XDC_H,National currency per hour,LR,Chain linked volume (rebased),N,Non transformed data,_Z,Not applicable,_Z,Not applicable,2023,,282.0010241531042,,A,Normal value,0,Units,2020,,2,Two
DATAFLOW,OECD.SDD.TPS:DSD_PDB@DF_PDB(2.0),Productivity database,I,IRL,Ireland,A,Annual,GVAHRS,Gross value added per hour worked,J,Information and communication,XDC_H,National currency per hour,LR,Chain linked volume (rebased),N,Non transformed data,_Z,Not applicable,_Z,Not applicable,2024,,298.66293980030275,,A,Normal value,0,Units,2020,,2,Two
DATAFLOW,OECD.SDD.TPS:DSD_PDB@DF_PDB(2.0),Productivity database,I,GRC,Greece,A,Annual,GVAHRS,Gross value added per hour worked,C,Manufacturing,XDC_H,National currency per hour,LR,Chain linked volume (rebased),N,Non transformed data,_Z,Not applicable,_Z,Not applicable,2024,,22.584257661179848,,A,Normal value,0,Units,2020,,2,Two
DATAFLOW,OECD.SDD.TPS:DSD_PDB@DF_PDB(2.0),Productivity database,I,FRA,France,A,Annual,GVAHRS,Gross value added per hour worked,H,Transportation and storage,XDC_H,National currency per hour,LR,Chain linked volume (rebased),N,Non transformed data,_Z,Not applicable,_Z,Not applicable,2021,,41.90278386710349,,A,Normal value,0,Units,2020,,2,Two
DATAFLOW,OECD.SDD.TPS:DSD_PDB@DF_PDB(2.0),Productivity database,I,ITA,Italy,A,Annual,GVAHRS,Gross value added per hour worked,F,Construction,XDC_H,National currency per hour,LR,Chain linked volume (rebased),GY,"Growth rate, over 1 year",_Z,Not applicable,_Z,Not applicable,2019,,2.5434606105860347,,A,Normal value,0,Units,2020,,2,Two
DATAFLOW,OECD.SDD.TPS:DSD_PDB@DF_PDB(2.0),Productivity database,I,DEU,Germany,A,Annual,GVAHRS,Gross value added per hour worked,H,Transportation and storage,XDC_H,National currency per hour,LR,Chain linked volume (rebased),N,Non transformed data,_Z,Not applicable,_Z,Not applicable,2022,,46.1042022567967,,A,Normal value,0,Units,2020,,2,Two
DATAFLOW,OECD.SDD.TPS:DSD_PDB@DF_PDB(2.0),Productivity database,I,ITA,Italy,A,Annual,GVAHRS,Gross value added per hour worked,L,Real estate activities,XDC_H,National currency per hour,LR,Chain linked volume (rebased),GY,"Growth rate, over 1 year",_Z,Not applicable,_Z,Not applicable,2021,,-3.0741861182627783,,A,Normal value,0,Units,2020,,2,Two
DATAFLOW,OECD.SDD.TPS:DSD_PDB@DF_PDB(2.0),Productivity database,I,LVA,Latvia,A,Annual,GVAHRS,Gross value added per hour worked,F,Construction,XDC_H,National currency per hour,LR,Chain linked volume (rebased),GY,"Growth rate, over 1 year",_Z,Not applicable,_Z,Not applicable,2020,,2.5811323962477317,,A,Normal value,0,Units,2020,,2,Two
DATAFLOW,OECD.SDD.TPS:DSD_PDB@DF_PDB(2.0),Productivity database,I,LVA,Latvia,A,Annual,GVAHRS,Gross value added per hour worked,L,Real estate activities,XDC_H,National currency per hour,LR,Chain linked volume (rebased),GY,"Growth rate, over 1 year",_Z,Not applicable,_Z,Not applicable,2023,,7.843260242818029,,A,Normal value,0,Units,2020,,2,Two
DATAFLOW,OECD.SDD.TPS:DSD_PDB@DF_PDB(2.0),Productivity database,I,GRC,Greece,A,Annual,GVAHRS,Gross value added per hour worked,H,Transportation and storage,XDC_H,National currency per hour,LR,Chain linked volume (rebased),N,Non transformed data,_Z,Not applicable,_Z,Not applicable,2023,,18.9125778054799,,A,Normal value,0,Units,2020,,2,Two
DATAFLOW,OECD.SDD.TPS:DSD_PDB@DF_PDB(2.0),Productivity database,I,GRC,Greece,A,Annual,GVAHRS,Gross value added per hour worked,N,Administrative and support service activities,XDC_H,National currency per hour,LR,Chain linked volume (rebased),GY,"Growth rate, over 1 year",_Z,Not applicable,_Z,Not applicable,2021,,6.757896681384246,,A,Normal value,0,Units,2020,,2,Two
DATAFLOW,OECD.SDD.TPS:DSD_PDB@DF_PDB(2.0),Productivity database,I,IRL,Ireland,A,Annual,GVAHRS,Gross value added per hour worked,_T,Total - all activities,XDC_H,National currency per hour,LR,Chain linked volume (rebased),N,Non transformed data,_Z,Not applicable,_Z,Not applicable,2024,,100.74062435678438,,A,Normal value,0,Units,2020,,2,Two
DATAFLOW,OECD.SDD.TPS:DSD_PDB@DF_PDB(2.0),Productivity database,I,LTU,Lithuania,A,Annual,GVAHRS,Gross value added per hour worked,F,Construction,XDC_H,National currency per hour,LR,Chain linked volume (rebased),GY,"Growth rate, over 1 year",_Z,Not applicable,_Z,Not applicable,2021,,-2.425162644763068,,A,Normal value,0,Units,2020,,2,Two
DATAFLOW,OECD.SDD.TPS:DSD_PDB@DF_PDB(2.0),Productivity database,I,LTU,Lithuania,A,Annual,GVAHRS,Gross value added per hour worked,L,Real estate activities,XDC_H,National currency per hour,LR,Chain linked volume (rebased),GY,"Growth rate, over 1 year",_Z,Not applicable,_Z,Not applicable,2024,,31.881611136626397,,A,Normal value,0,Units,2020,,2,Two
DATAFLOW,OECD.SDD.TPS:DSD_PDB@DF_PDB(2.0),Productivity database,I,LTU,Lithuania,A,Annual,GVAHRS,Gross value added per hour worked,H,Transportation and storage,XDC_H,National currency per hour,LR,Chain linked volume (rebased),N,Non transformed data,_Z,Not applicable,_Z,Not applicable,2024,,22.460349173746618,,A,Normal value,0,Units,2020,,2,Two
DATAFLOW,OECD.SDD.TPS:DSD_PDB@DF_PDB(2.0),Productivity database,I,HUN,Hungary,A,Annual,GVAHRS,Gross value added per hour worked,I,Accommodation and food service activities,XDC_H,National currency per hour,LR,Chain linked volume (rebased),GY,"Growth rate, over 1 year",_Z,Not applicable,_Z,Not applicable,2019,,2.625838568175376,,A,Normal value,0,Units,2020,,2,Two
DATAFLOW,OECD.SDD.TPS:DSD_PDB@DF_PDB(2.0),Productivity database,I,HUN,Hungary,A,Annual,GVAHRS,Gross value added per hour worked,N,Administrative and support service activities,XDC_H,National currency per hour,LR,Chain linked volume (rebased),GY,"Growth rate, over 1 year",_Z,Not applicable,_Z,Not applicable,2022,,7.3435429195971125,,A,Normal value,0,Units,2020,,2,Two
DATAFLOW,OECD.SDD.TPS:DSD_PDB@DF_PDB(2.0),Productivity database,I,LUX,Luxembourg,A,Annual,GVAHRS,Gross value added per hour worked,I,Accommodation and food service activities,XDC_H,National currency per hour,LR,Chain linked volume (rebased),GY,"Growth rate, over 1 year",_Z,Not applicable,_Z,Not applicable,2020,,-7.038353372639694,,A,Normal value,0,Units,2020,,2,Two
DATAFLOW,OECD.SDD.TPS:DSD_PDB@DF_PDB(2.0),Productivity database,I,IRL,Ireland,A,Annual,GVAHRS,Gross value added per hour worked,I,Accommodation and food service activities,XDC_H,National currency per hour,LR,Chain linked volume (rebased),GY,"Growth rate, over 1 year",_Z,Not applicable,_Z,Not applicable,2021,,-30.86576322620942,,A,Normal value,0,Units,2020,,2,Two
DATAFLOW,OECD.SDD.TPS:DSD_PDB@DF_PDB(2.0),Productivity database,I,IRL,Ireland,A,Annual,GVAHRS,Gross value added per hour worked,N,Administrative and support service activities,XDC_H,National currency per hour,LR,Chain linked volume (rebased),GY,"Growth rate, over 1 year",_Z,Not applicable,_Z,Not applicable,2023,,5.690274972265552,,A,Normal value,0,Units,2020,,2,Two
DATAFLOW,OECD.SDD.TPS:DSD_PDB@DF_PDB(2.0),Productivity database,I,NLD,Netherlands,A,Annual,GVAHRS,Gross value added per hour worked,I,Accommodation and food service activities,XDC_H,National currency per hour,LR,Chain linked volume (rebased),GY,"Growth rate, over 1 year",_Z,Not applicable,_Z,Not applicable,2022,,26.94135578814032,,A,Normal value,0,Units,2020,,2,Two
DATAFLOW,OECD.SDD.TPS:DSD_PDB@DF_PDB(2.0),Productivity database,I,ITA,Italy,A,Annual,GVAHRS,Gross value added per hour worked,I,Accommodation and food service activities,XDC_H,National currency per hour,LR,Chain linked volume (rebased),GY,"Growth rate, over 1 year",_Z,Not applicable,_Z,Not applicable,2023,,-6.111031413514101,,A,Normal value,0,Units,2020,,2,Two
DATAFLOW,OECD.SDD.TPS:DSD_PDB@DF_PDB(2.0),Productivity database,I,ITA,Italy,A,Annual,GVAHRS,Gross value added per hour worked,N,Administrative and support service activities,XDC_H,National currency per hour,LR,Chain linked volume (rebased),GY,"Growth rate, over 1 year",_Z,Not applicable,_Z,Not applicable,2024,,-0.08125607128518508,,A,Normal value,0,Units,2020,,2,Two
DATAFLOW,OECD.SDD.TPS:DSD_PDB@DF_PDB(2.0),Productivity database,I,NOR,Norway,A,Annual,GVAHRS,Gross value added per hour worked,I,Accommodation and food service activities,XDC_H,National currency per hour,LR,Chain linked volume (rebased),GY,"Growth rate, over 1 year",_Z,Not applicable,_Z,Not applicable,2025,,2.244363054829601,,A,Normal value,0,Units,2020,,2,Two
DATAFLOW,OECD.SDD.TPS:DSD_PDB@DF_PDB(2.0),Productivity database,I,NOR,Norway,A,Annual,GVAHRS,Gross value added per hour worked,N,Administrative and support service activities,XDC_H,National currency per hour,LR,Chain linked volume (rebased),N,Non transformed data,_Z,Not applicable,_Z,Not applicable,2025,,559.8777463613609,,A,Normal value,0,Units,2020,,2,Two
DATAFLOW,OECD.SDD.TPS:DSD_PDB@DF_PDB(2.0),Productivity database,I,NOR,Norway,A,Annual,GVAHRS,Gross value added per hour worked,N,Administrative and support service activities,XDC_H,National currency per hour,LR,Chain linked volume (rebased),GY,"Growth rate, over 1 year",_Z,Not applicable,_Z,Not applicable,2025,,0.05260497879642223,,A,Normal value,0,Units,2020,,2,Two
DATAFLOW,OECD.SDD.TPS:DSD_PDB@DF_PDB(2.0),Productivity database,I,NOR,Norway,A,Annual,GVAHRS,Gross value added per hour worked,C,Manufacturing,XDC_H,National currency per hour,LR,Chain linked volume (rebased),N,Non transformed data,_Z,Not applicable,_Z,Not applicable,2025,,720.7540113185657,,A,Normal value,0,Units,2020,,2,Two
DATAFLOW,OECD.SDD.TPS:DSD_PDB@DF_PDB(2.0),Productivity database,I,LUX,Luxembourg,A,Annual,GVAHRS,Gross value added per hour worked,N,Administrative and support service activities,XDC_H,National currency per hour,LR,Chain linked volume (rebased),N,Non transformed data,_Z,Not applicable,_Z,Not applicable,2021,,54.18579444019383,,A,Normal value,0,Units,2020,,2,Two
DATAFLOW,OECD.SDD.TPS:DSD_PDB@DF_PDB(2.0),Productivity database,I,LVA,Latvia,A,Annual,GVAHRS,Gross value added per hour worked,I,Accommodation and food service activities,XDC_H,National currency per hour,LR,Chain linked volume (rebased),GY,"Growth rate, over 1 year",_Z,Not applicable,_Z,Not applicable,2024,,3.584562734062069,,A,Normal value,0,Units,2020,,2,Two
DATAFLOW,OECD.SDD.TPS:DSD_PDB@DF_PDB(2.0),Productivity database,I,LVA,Latvia,A,Annual,GVAHRS,Gross value added per hour worked,N,Administrative and support service activities,XDC_H,National currency per hour,LR,Chain linked volume (rebased),N,Non transformed data,_Z,Not applicable,_Z,Not applicable,2019,,13.043720165139982,,A,Normal value,0,Units,2020,,2,Two
DATAFLOW,OECD.SDD.TPS:DSD_PDB@DF_PDB(2.0),Productivity database,I,POL,Poland,A,Annual,GVAHRS,Gross value added per hour worked,L,Real estate activities,XDC_H,National currency per hour,LR,Chain linked volume (rebased),N,Non transformed data,_Z,Not applicable,_Z,Not applicable,2019,,421.0810947570826,,A,Normal value,0,Units,2020,,2,Two
DATAFLOW,OECD.SDD.TPS:DSD_PDB@DF_PDB(2.0),Productivity database,I,NLD,Netherlands,A,Annual,GVAHRS,Gross value added per hour worked,N,Administrative and support service activities,XDC_H,National currency per hour,LR,Chain linked volume (rebased),N,Non transformed data,_Z,Not applicable,_Z,Not applicable,2022,,37.784439417188054,,A,Normal value,0,Units,2020,,2,Two
DATAFLOW,OECD.SDD.TPS:DSD_PDB@DF_PDB(2.0),Productivity database,I,LTU,Lithuania,A,Annual,GVAHRS,Gross value added per hour worked,N,Administrative and support service activities,XDC_H,National currency per hour,LR,Chain linked volume (rebased),N,Non transformed data,_Z,Not applicable,_Z,Not applicable,2020,,13.704603972535557,,A,Normal value,0,Units,2020,,2,Two
DATAFLOW,OECD.SDD.TPS:DSD_PDB@DF_PDB(2.0),Productivity database,I,LUX,Luxembourg,A,Annual,GVAHRS,Gross value added per hour worked,F,Construction,XDC_H,National currency per hour,LR,Chain linked volume (rebased),GY,"Growth rate, over 1 year",_Z,Not applicable,_Z,Not applicable,2022,,-26.543014677666534,,A,Normal value,0,Units,2020,,2,Two
DATAFLOW,OECD.SDD.TPS:DSD_PDB@DF_PDB(2.0),Productivity database,I,NOR,Norway,A,Annual,GVAHRS,Gross value added per hour worked,I,Accommodation and food service activities,XDC_H,National currency per hour,LR,Chain linked volume (rebased),N,Non transformed data,_Z,Not applicable,_Z,Not applicable,2025,,429.00026179968586,,A,Normal value,0,Units,2020,,2,Two
DATAFLOW,OECD.SDD.TPS:DSD_PDB@DF_PDB(2.0),Productivity database,I,PRT,Portugal,A,Annual,GVAHRS,Gross value added per hour worked,I,Accommodation and food service activities,XDC_H,National currency per hour,LR,Chain linked volume (rebased),N,Non transformed data,_Z,Not applicable,_Z,Not applicable,2019,,13.084024076149785,,A,Normal value,0,Units,2020,,2,Two
DATAFLOW,OECD.SDD.TPS:DSD_PDB@DF_PDB(2.0),Productivity database,I,PRT,Portugal,A,Annual,GVAHRS,Gross value added per hour worked,N,Administrative and support service activities,XDC_H,National currency per hour,LR,Chain linked volume (rebased),N,Non transformed data,_Z,Not applicable,_Z,Not applicable,2023,,9.73813887672646,,A,Normal value,0,Units,2020,,2,Two
DATAFLOW,OECD.SDD.TPS:DSD_PDB@DF_PDB(2.0),Productivity database,I,NOR,Norway,A,Annual,GVAHRS,Gross value added per hour worked,C,Manufacturing,XDC_H,National currency per hour,LR,Chain linked volume (rebased),GY,"Growth rate, over 1 year",_Z,Not applicable,_Z,Not applicable,2025,,2.26148467225209,,A,Normal value,0,Units,2020,,2,Two
DATAFLOW,OECD.SDD.TPS:DSD_PDB@DF_PDB(2.0),Productivity database,I,NOR,Norway,A,Annual,GVAHRS,Gross value added per hour worked,M,"Professional, scientific and technical activities",XDC_H,National currency per hour,LR,Chain linked volume (rebased),N,Non transformed data,_Z,Not applicable,_Z,Not applicable,2025,,772.511764610757,,A,Normal value,0,Units,2020,,2,Two
DATAFLOW,OECD.SDD.TPS:DSD_PDB@DF_PDB(2.0),Productivity database,I,LUX,Luxembourg,A,Annual,GVAHRS,Gross value added per hour worked,L,Real estate activities,XDC_H,National currency per hour,LR,Chain linked volume (rebased),N,Non transformed data,_Z,Not applicable,_Z,Not applicable,2020,,733.8328699413037,,A,Normal value,0,Units,2020,,2,Two
DATAFLOW,OECD.SDD.TPS:DSD_PDB@DF_PDB(2.0),Productivity database,I,NLD,Netherlands,A,Annual,GVAHRS,Gross value added per hour worked,F,Construction,XDC_H,National currency per hour,LR,Chain linked volume (rebased),GY,"Growth rate, over 1 year",_Z,Not applicable,_Z,Not applicable,2023,,0.5082826564819065,,A,Normal value,0,Units,2020,,2,Two
DATAFLOW,OECD.SDD.TPS:DSD_PDB@DF_PDB(2.0),Productivity database,I,SVK,Slovak Republic,A,Annual,GVAHRS,Gross value added per hour worked,N,Administrative and support service activities,XDC_H,National currency per hour,LR,Chain linked volume (rebased),N,Non transformed data,_Z,Not applicable,_Z,Not applicable,2024,,23.938912918415618,,A,Normal value,0,Units,2020,,2,Two
DATAFLOW,OECD.SDD.TPS:DSD_PDB@DF_PDB(2.0),Productivity database,I,POL,Poland,A,Annual,GVAHRS,Gross value added per hour worked,I,Accommodation and food service activities,XDC_H,National currency per hour,LR,Chain linked volume (rebased),N,Non transformed data,_Z,Not applicable,_Z,Not applicable,2020,,32.98385797049817,,A,Normal value,0,Units,2020,,2,Two
DATAFLOW,OECD.SDD.TPS:DSD_PDB@DF_PDB(2.0),Productivity database,I,NLD,Netherlands,A,Annual,GVAHRS,Gross value added per hour worked,L,Real estate activities,XDC_H,National currency per hour,LR,Chain linked volume (rebased),N,Non transformed data,_Z,Not applicable,_Z,Not applicable,2021,,419.34173100365706,,A,Normal value,0,Units,2020,,2,Two
DATAFLOW,OECD.SDD.TPS:DSD_PDB@DF_PDB(2.0),Productivity database,I,NOR,Norway,A,Annual,GVAHRS,Gross value added per hour worked,F,Construction,XDC_H,National currency per hour,LR,Chain linked volume (rebased),N,Non transformed data,_Z,Not applicable,_Z,Not applicable,2025,,536.2276711847429,,A,Normal value,0,Units,2020,,2,Two
DATAFLOW,OECD.SDD.TPS:DSD_PDB@DF_PDB(2.0),Productivity database,I,NOR,Norway,A,Annual,GVAHRS,Gross value added per hour worked,J,Information and communication,XDC_H,National currency per hour,LR,Chain linked volume (rebased),GY,"Growth rate, over 1 year",_Z,Not applicable,_Z,Not applicable,2025,,1.4989952677022078,,A,Normal value,0,Units,2020,,2,Two
DATAFLOW,OECD.SDD.TPS:DSD_PDB@DF_PDB(2.0),Productivity database,I,NOR,Norway,A,Annual,GVAHRS,Gross value added per hour worked,J,Information and communication,XDC_H,National currency per hour,LR,Chain linked volume (rebased),N,Non transformed data,_Z,Not applicable,_Z,Not applicable,2025,,1015.0591427944242,,A,Normal value,0,Units,2020,,2,Two
DATAFLOW,OECD.SDD.TPS:DSD_PDB@DF_PDB(2.0),Productivity database,I,NOR,Norway,A,Annual,GVAHRS,Gross value added per hour worked,F,Construction,XDC_H,National currency per hour,LR,Chain linked volume (rebased),GY,"Growth rate, over 1 year",_Z,Not applicable,_Z,Not applicable,2025,,-0.14843077624925316,,A,Normal value,0,Units,2020,,2,Two
DATAFLOW,OECD.SDD.TPS:DSD_PDB@DF_PDB(2.0),Productivity database,I,NOR,Norway,A,Annual,GVAHRS,Gross value added per hour worked,H,Transportation and storage,XDC_H,National currency per hour,LR,Chain linked volume (rebased),N,Non transformed data,_Z,Not applicable,_Z,Not applicable,2025,,874.3623377645658,,A,Normal value,0,Units,2020,,2,Two
DATAFLOW,OECD.SDD.TPS:DSD_PDB@DF_PDB(2.0),Productivity database,I,NOR,Norway,A,Annual,GVAHRS,Gross value added per hour worked,M,"Professional, scientific and technical activities",XDC_H,National currency per hour,LR,Chain linked volume (rebased),GY,"Growth rate, over 1 year",_Z,Not applicable,_Z,Not applicable,2025,,-0.7090812307640082,,A,Normal value,0,Units,2020,,2,Two
DATAFLOW,OECD.SDD.TPS:DSD_PDB@DF_PDB(2.0),Productivity database,I,NOR,Norway,A,Annual,GVAHRS,Gross value added per hour worked,L,Real estate activities,XDC_H,National currency per hour,LR,Chain linked volume (rebased),N,Non transformed data,_Z,Not applicable,_Z,Not applicable,2025,,9374.064709673119,,A,Normal value,0,Units,2020,,2,Two
DATAFLOW,OECD.SDD.TPS:DSD_PDB@DF_PDB(2.0),Productivity database,I,NOR,Norway,A,Annual,GVAHRS,Gross value added per hour worked,L,Real estate activities,XDC_H,National currency per hour,LR,Chain linked volume (rebased),GY,"Growth rate, over 1 year",_Z,Not applicable,_Z,Not applicable,2025,,0.8264761106522744,,A,Normal value,0,Units,2020,,2,Two
DATAFLOW,OECD.SDD.TPS:DSD_PDB@DF_PDB(2.0),Productivity database,I,NOR,Norway,A,Annual,GVAHRS,Gross value added per hour worked,H,Transportation and storage,XDC_H,National currency per hour,LR,Chain linked volume (rebased),GY,"Growth rate, over 1 year",_Z,Not applicable,_Z,Not applicable,2025,,-0.9745540190159607,,A,Normal value,0,Units,2020,,2,Two
DATAFLOW,OECD.SDD.TPS:DSD_PDB@DF_PDB(2.0),Productivity database,I,POL,Poland,A,Annual,GVAHRS,Gross value added per hour worked,F,Construction,XDC_H,National currency per hour,LR,Chain linked volume (rebased),GY,"Growth rate, over 1 year",_Z,Not applicable,_Z,Not applicable,2024,,-4.259531628848845,,A,Normal value,0,Units,2020,,2,Two
DATAFLOW,OECD.SDD.TPS:DSD_PDB@DF_PDB(2.0),Productivity database,I,SVK,Slovak Republic,A,Annual,GVAHRS,Gross value added per hour worked,I,Accommodation and food service activities,XDC_H,National currency per hour,LR,Chain linked volume (rebased),N,Non transformed data,_Z,Not applicable,_Z,Not applicable,2021,,11.449912201080734,,A,Normal value,0,Units,2020,,2,Two
DATAFLOW,OECD.SDD.TPS:DSD_PDB@DF_PDB(2.0),Productivity database,I,POL,Poland,A,Annual,GVAHRS,Gross value added per hour worked,_T,Total - all activities,USD_PPP_H,"US dollars per hour, PPP converted",LR,Chain linked volume (rebased),GY,"Growth rate, over 1 year",_Z,Not applicable,PPP,PPP converted,2024,,4.162151994813401,,A,Normal value,0,Units,2020,,2,Two
DATAFLOW,OECD.SDD.TPS:DSD_PDB@DF_PDB(2.0),Productivity database,I,PRT,Portugal,A,Annual,GVAHRS,Gross value added per hour worked,F,Construction,XDC_H,National currency per hour,LR,Chain linked volume (rebased),N,Non transformed data,_Z,Not applicable,_Z,Not applicable,2019,,13.085929152239649,,A,Normal value,0,Units,2020,,2,Two
DATAFLOW,OECD.SDD.TPS:DSD_PDB@DF_PDB(2.0),Productivity database,I,PRT,Portugal,A,Annual,GVAHRS,Gross value added per hour worked,L,Real estate activities,XDC_H,National currency per hour,LR,Chain linked volume (rebased),N,Non transformed data,_Z,Not applicable,_Z,Not applicable,2022,,177.98197249091996,,A,Normal value,0,Units,2020,,2,Two
DATAFLOW,OECD.SDD.TPS:DSD_PDB@DF_PDB(2.0),Productivity database,I,SVK,Slovak Republic,A,Annual,GVAHRS,Gross value added per hour worked,F,Construction,XDC_H,National currency per hour,LR,Chain linked volume (rebased),N,Non transformed data,_Z,Not applicable,_Z,Not applicable,2020,,20.427918343074307,,A,Normal value,0,Units,2020,,2,Two
DATAFLOW,OECD.SDD.TPS:DSD_PDB@DF_PDB(2.0),Productivity database,I,SVK,Slovak Republic,A,Annual,GVAHRS,Gross value added per hour worked,L,Real estate activities,XDC_H,National currency per hour,LR,Chain linked volume (rebased),N,Non transformed data,_Z,Not applicable,_Z,Not applicable,2023,,208.22240365043504,,A,Normal value,0,Units,2020,,2,Two
DATAFLOW,OECD.SDD.TPS:DSD_PDB@DF_PDB(2.0),Productivity database,I,ESP,Spain,A,Annual,GVAHRS,Gross value added per hour worked,M,"Professional, scientific and technical activities",XDC_H,National currency per hour,LR,Chain linked volume (rebased),GY,"Growth rate, over 1 year",_Z,Not applicable,_Z,Not applicable,2019,,0.8811935419062777,,A,Normal value,0,Units,2020,,2,Two
DATAFLOW,OECD.SDD.TPS:DSD_PDB@DF_PDB(2.0),Productivity database,I,ESP,Spain,A,Annual,GVAHRS,Gross value added per hour worked,_T,Total - all activities,USD_PPP_H,"US dollars per hour, PPP converted",LR,Chain linked volume (rebased),N,Non transformed data,_Z,Not applicable,PPP,PPP converted,2021,,50.27367202369372,,A,Normal value,0,Units,2020,,2,Two
DATAFLOW,OECD.SDD.TPS:DSD_PDB@DF_PDB(2.0),Productivity database,I,SVN,Slovenia,A,Annual,GVAHRS,Gross value added per hour worked,F,Construction,XDC_H,National currency per hour,LR,Chain linked volume (rebased),N,Non transformed data,_Z,Not applicable,_Z,Not applicable,2021,,20.556606828359094,,A,Normal value,0,Units,2020,,2,Two
DATAFLOW,OECD.SDD.TPS:DSD_PDB@DF_PDB(2.0),Productivity database,I,HRV,Croatia,A,Annual,GVAHRS,Gross value added per hour worked,_T,Total - all activities,USD_PPP_H,"US dollars per hour, PPP converted",LR,Chain linked volume (rebased),GY,"Growth rate, over 1 year",_Z,Not applicable,PPP,PPP converted,2025,,1.8086082616102894,,A,Normal value,0,Units,2020,,2,Two
DATAFLOW,OECD.SDD.TPS:DSD_PDB@DF_PDB(2.0),Productivity database,I,SVN,Slovenia,A,Annual,GVAHRS,Gross value added per hour worked,L,Real estate activities,XDC_H,National currency per hour,LR,Chain linked volume (rebased),N,Non transformed data,_Z,Not applicable,_Z,Not applicable,2024,,238.68511931228696,,A,Normal value,0,Units,2020,,2,Two
DATAFLOW,OECD.SDD.TPS:DSD_PDB@DF_PDB(2.0),Productivity database,I,SVN,Slovenia,A,Annual,GVAHRS,Gross value added per hour worked,I,Accommodation and food service activities,XDC_H,National currency per hour,LR,Chain linked volume (rebased),N,Non transformed data,_Z,Not applicable,_Z,Not applicable,2022,,16.58335811132255,,A,Normal value,0,Units,2020,,2,Two
DATAFLOW,OECD.SDD.TPS:DSD_PDB@DF_PDB(2.0),Productivity database,I,SVN,Slovenia,A,Annual,GVAHRS,Gross value added per hour worked,_T,Total - all activities,USD_PPP_H,"US dollars per hour, PPP converted",LR,Chain linked volume (rebased),N,Non transformed data,_Z,Not applicable,PPP,PPP converted,2020,,43.4151089704212,,A,Normal value,0,Units,2020,,2,Two
DATAFLOW,OECD.SDD.TPS:DSD_PDB@DF_PDB(2.0),Productivity database,I,ESP,Spain,A,Annual,GVAHRS,Gross value added per hour worked,F,Construction,XDC_H,National currency per hour,LR,Chain linked volume (rebased),N,Non transformed data,_Z,Not applicable,_Z,Not applicable,2022,,26.928646867739964,,A,Normal value,0,Units,2020,,2,Two
DATAFLOW,OECD.SDD.TPS:DSD_PDB@DF_PDB(2.0),Productivity database,I,ESP,Spain,A,Annual,GVAHRS,Gross value added per hour worked,I,Accommodation and food service activities,XDC_H,National currency per hour,LR,Chain linked volume (rebased),N,Non transformed data,_Z,Not applicable,_Z,Not applicable,2023,,30.436672576700175,,A,Normal value,0,Units,2020,,2,Two
DATAFLOW,OECD.SDD.TPS:DSD_PDB@DF_PDB(2.0),Productivity database,I,SWE,Sweden,A,Annual,GVAHRS,Gross value added per hour worked,F,Construction,XDC_H,National currency per hour,LR,Chain linked volume (rebased),N,Non transformed data,_Z,Not applicable,_Z,Not applicable,2023,,426.54748572455657,,A,Normal value,0,Units,2020,,2,Two
DATAFLOW,OECD.SDD.TPS:DSD_PDB@DF_PDB(2.0),Productivity database,I,SWE,Sweden,A,Annual,GVAHRS,Gross value added per hour worked,I,Accommodation and food service activities,XDC_H,National currency per hour,LR,Chain linked volume (rebased),N,Non transformed data,_Z,Not applicable,_Z,Not applicable,2024,,306.41124780316346,,A,Normal value,0,Units,2020,,2,Two
DATAFLOW,OECD.SDD.TPS:DSD_PDB@DF_PDB(2.0),Productivity database,I,TUR,Türkiye,A,Annual,GVAHRS,Gross value added per hour worked,_T,Total - all activities,USD_PPP_H,"US dollars per hour, PPP converted",LR,Chain linked volume (rebased),N,Non transformed data,_Z,Not applicable,PPP,PPP converted,2019,,80.52438063288032,,A,Normal value,0,Units,2020,,2,Two
DATAFLOW,OECD.SDD.TPS:DSD_PDB@DF_PDB(2.0),Productivity database,I,TUR,Türkiye,A,Annual,GVAHRS,Gross value added per hour worked,_T,Total - all activities,USD_PPP_H,"US dollars per hour, PPP converted",LR,Chain linked volume (rebased),GY,"Growth rate, over 1 year",_Z,Not applicable,PPP,PPP converted,2021,,-4.8450235397842984,,A,Normal value,0,Units,2020,,2,Two
DATAFLOW,OECD.SDD.TPS:DSD_PDB@DF_PDB(2.0),Productivity database,I,TUR,Türkiye,A,Annual,GVAHRS,Gross value added per hour worked,_T,Total - all activities,USD_PPP_H,"US dollars per hour, PPP converted",LR,Chain linked volume (rebased),GY,"Growth rate, over 1 year",_Z,Not applicable,PPP,PPP converted,2020,,16.780223450919742,,A,Normal value,0,Units,2020,,2,Two
DATAFLOW,OECD.SDD.TPS:DSD_PDB@DF_PDB(2.0),Productivity database,I,EU27_2020,European Union (27 countries from 01/02/2020),A,Annual,GVAHRS,Gross value added per hour worked,_T,Total - all activities,USD_PPP_H,"US dollars per hour, PPP converted",LR,Chain linked volume (rebased),N,Non transformed data,_Z,Not applicable,PPP,PPP converted,2022,,50.39256045753948,,A,Normal value,0,Units,2020,,2,Two
DATAFLOW,OECD.SDD.TPS:DSD_PDB@DF_PDB(2.0),Productivity database,I,EU27_2020,European Union (27 countries from 01/02/2020),A,Annual,GVAHRS,Gross value added per hour worked,J,Information and communication,XDC_H,National currency per hour,LR,Chain linked volume (rebased),GY,"Growth rate, over 1 year",_Z,Not applicable,_Z,Not applicable,2019,,2.935445120016822,,A,Normal value,0,Units,2020,,2,Two
DATAFLOW,OECD.SDD.TPS:DSD_PDB@DF_PDB(2.0),Productivity database,I,EU27_2020,European Union (27 countries from 01/02/2020),A,Annual,GVAHRS,Gross value added per hour worked,H,Transportation and storage,XDC_H,National currency per hour,LR,Chain linked volume (rebased),GY,"Growth rate, over 1 year",_Z,Not applicable,_Z,Not applicable,2019,,-0.017366268304463972,,A,Normal value,0,Units,2020,,2,Two
DATAFLOW,OECD.SDD.TPS:DSD_PDB@DF_PDB(2.0),Productivity database,I,BGR,Bulgaria,A,Annual,GVAHRS,Gross value added per hour worked,J,Information and communication,XDC_H,National currency per hour,LR,Chain linked volume (rebased),GY,"Growth rate, over 1 year",_Z,Not applicable,_Z,Not applicable,2020,,0.8667112783132147,,A,Normal value,0,Units,2020,,2,Two
DATAFLOW,OECD.SDD.TPS:DSD_PDB@DF_PDB(2.0),Productivity database,I,BGR,Bulgaria,A,Annual,GVAHRS,Gross value added per hour worked,F,Construction,XDC_H,National currency per hour,LR,Chain linked volume (rebased),N,Non transformed data,_Z,Not applicable,_Z,Not applicable,2024,,7.969336893126009,,A,Normal value,0,Units,2020,,2,Two
DATAFLOW,OECD.SDD.TPS:DSD_PDB@DF_PDB(2.0),Productivity database,I,TUR,Türkiye,A,Annual,GVAHRS,Gross value added per hour worked,_T,Total - all activities,XDC_H,National currency per hour,LR,Chain linked volume (rebased),GY,"Growth rate, over 1 year",_Z,Not applicable,_Z,Not applicable,2019,,4.497967773062506,,A,Normal value,0,Units,2020,,2,Two
DATAFLOW,OECD.SDD.TPS:DSD_PDB@DF_PDB(2.0),Productivity database,I,BGR,Bulgaria,A,Annual,GVAHRS,Gross value added per hour worked,M,"Professional, scientific and technical activities",XDC_H,National currency per hour,LR,Chain linked volume (rebased),GY,"Growth rate, over 1 year",_Z,Not applicable,_Z,Not applicable,2020,,-3.084513521436394,,A,Normal value,0,Units,2020,,2,Two
DATAFLOW,OECD.SDD.TPS:DSD_PDB@DF_PDB(2.0),Productivity database,I,SWE,Sweden,A,Annual,GVAHRS,Gross value added per hour worked,M,"Professional, scientific and technical activities",XDC_H,National currency per hour,LR,Chain linked volume (rebased),GY,"Growth rate, over 1 year",_Z,Not applicable,_Z,Not applicable,2021,,-1.7296837354110695,,A,Normal value,0,Units,2020,,2,Two
DATAFLOW,OECD.SDD.TPS:DSD_PDB@DF_PDB(2.0),Productivity database,I,HRV,Croatia,A,Annual,GVAHRS,Gross value added per hour worked,J,Information and communication,XDC_H,National currency per hour,LR,Chain linked volume (rebased),GY,"Growth rate, over 1 year",_Z,Not applicable,_Z,Not applicable,2021,,19.82829199168976,,A,Normal value,0,Units,2020,,2,Two
DATAFLOW,OECD.SDD.TPS:DSD_PDB@DF_PDB(2.0),Productivity database,I,HRV,Croatia,A,Annual,GVAHRS,Gross value added per hour worked,H,Transportation and storage,XDC_H,National currency per hour,LR,Chain linked volume (rebased),GY,"Growth rate, over 1 year",_Z,Not applicable,_Z,Not applicable,2020,,4.340748016712759,,A,Normal value,0,Units,2020,,2,Two
DATAFLOW,OECD.SDD.TPS:DSD_PDB@DF_PDB(2.0),Productivity database,I,HRV,Croatia,A,Annual,GVAHRS,Gross value added per hour worked,M,"Professional, scientific and technical activities",XDC_H,National currency per hour,LR,Chain linked volume (rebased),GY,"Growth rate, over 1 year",_Z,Not applicable,_Z,Not applicable,2022,,5.411092236019344,,A,Normal value,0,Units,2020,,2,Two
DATAFLOW,OECD.SDD.TPS:DSD_PDB@DF_PDB(2.0),Productivity database,I,EU27_2020,European Union (27 countries from 01/02/2020),A,Annual,GVAHRS,Gross value added per hour worked,M,"Professional, scientific and technical activities",XDC_H,National currency per hour,LR,Chain linked volume (rebased),GY,"Growth rate, over 1 year",_Z,Not applicable,_Z,Not applicable,2023,,-1.9460808288494391,,A,Normal value,0,Units,2020,,2,Two
DATAFLOW,OECD.SDD.TPS:DSD_PDB@DF_PDB(2.0),Productivity database,I,OECD,OECD,A,Annual,GVAHRS,Gross value added per hour worked,_T,Total - all activities,USD_PPP_H,"US dollars per hour, PPP converted",LR,Chain linked volume (rebased),GY,"Growth rate, over 1 year",_Z,Not applicable,PPP,PPP converted,2023,,0.8797386101551785,,A,Normal value,0,Units,2020,,2,Two
DATAFLOW,OECD.SDD.TPS:DSD_PDB@DF_PDB(2.0),Productivity database,I,OECD,OECD,A,Annual,GVAHRS,Gross value added per hour worked,_T,Total - all activities,USD_PPP_H,"US dollars per hour, PPP converted",LR,Chain linked volume (rebased),N,Non transformed data,_Z,Not applicable,PPP,PPP converted,2023,,61.29393457573776,,A,Normal value,0,Units,2020,,2,Two
DATAFLOW,OECD.SDD.TPS:DSD_PDB@DF_PDB(2.0),Productivity database,I,ROU,Romania,A,Annual,GVAHRS,Gross value added per hour worked,J,Information and communication,XDC_H,National currency per hour,LR,Chain linked volume (rebased),GY,"Growth rate, over 1 year",_Z,Not applicable,_Z,Not applicable,2022,,20.235301225424852,,A,Normal value,0,Units,2020,,2,Two
DATAFLOW,OECD.SDD.TPS:DSD_PDB@DF_PDB(2.0),Productivity database,I,ROU,Romania,A,Annual,GVAHRS,Gross value added per hour worked,M,"Professional, scientific and technical activities",XDC_H,National currency per hour,LR,Chain linked volume (rebased),GY,"Growth rate, over 1 year",_Z,Not applicable,_Z,Not applicable,2024,,-14.341276329760365,,A,Normal value,0,Units,2020,,2,Two
DATAFLOW,OECD.SDD.TPS:DSD_PDB@DF_PDB(2.0),Productivity database,I,ROU,Romania,A,Annual,GVAHRS,Gross value added per hour worked,_T,Total - all activities,USD_PPP_H,"US dollars per hour, PPP converted",LR,Chain linked volume (rebased),N,Non transformed data,_Z,Not applicable,PPP,PPP converted,2025,,39.59500358795464,,A,Normal value,0,Units,2020,,2,Two
DATAFLOW,OECD.SDD.TPS:DSD_PDB@DF_PDB(2.0),Productivity database,I,BGR,Bulgaria,A,Annual,GVAHRS,Gross value added per hour worked,_T,Total - all activities,USD_PPP_H,"US dollars per hour, PPP converted",LR,Chain linked volume (rebased),N,Non transformed data,_Z,Not applicable,PPP,PPP converted,2024,,29.962520901449942,,A,Normal value,0,Units,2020,,2,Two
DATAFLOW,OECD.SDD.TPS:DSD_PDB@DF_PDB(2.0),Productivity database,I,SWE,Sweden,A,Annual,GVAHRS,Gross value added per hour worked,_T,Total - all activities,XDC_H,National currency per hour,LR,Chain linked volume (rebased),N,Non transformed data,_Z,Not applicable,_Z,Not applicable,2025,,639.6048091846916,,E,Estimated value,0,Units,2020,,2,Two
DATAFLOW,OECD.SDD.TPS:DSD_PDB@DF_PDB(2.0),Productivity database,I,SWE,Sweden,A,Annual,GVAHRS,Gross value added per hour worked,_T,Total - all activities,XDC_H,National currency per hour,LR,Chain linked volume (rebased),GY,"Growth rate, over 1 year",_Z,Not applicable,_Z,Not applicable,2025,,2.334676441608008,,E,Estimated value,0,Units,2020,,2,Two
DATAFLOW,OECD.SDD.TPS:DSD_PDB@DF_PDB(2.0),Productivity database,I,SWE,Sweden,A,Annual,GVAHRS,Gross value added per hour worked,_T,Total - all activities,USD_PPP_H,"US dollars per hour, PPP converted",LR,Chain linked volume (rebased),N,Non transformed data,_Z,Not applicable,PPP,PPP converted,2025,,72.23595468873343,,E,Estimated value,0,Units,2020,,2,Two
DATAFLOW,OECD.SDD.TPS:DSD_PDB@DF_PDB(2.0),Productivity database,I,SWE,Sweden,A,Annual,GVAHRS,Gross value added per hour worked,_T,Total - all activities,USD_PPP_H,"US dollars per hour, PPP converted",LR,Chain linked volume (rebased),GY,"Growth rate, over 1 year",_Z,Not applicable,PPP,PPP converted,2025,,2.33467644160803,,E,Estimated value,0,Units,2020,,2,Two
DATAFLOW,OECD.SDD.TPS:DSD_PDB@DF_PDB(2.0),Productivity database,I,OECD,OECD,A,Annual,GVAHRS,Gross value added per hour worked,_T,Total - all activities,USD_PPP_H,"US dollars per hour, PPP converted",LR,Chain linked volume (rebased),GY,"Growth rate, over 1 year",_Z,Not applicable,PPP,PPP converted,2022,,0.586947903302093,,A,Normal value,0,Units,2020,,2,Two
